{"stats":{"minecraft:dropped":{"minecraft:water_bucket":8,"minecraft:lever":12,"minecraft:repeater":67,"minecraft:oak_sapling":3,"minecraft:lead":4,"minecraft:redstone_torch":193,"minecraft:leather":2,"minecraft:redstone_block":1,"minecraft:redstone":2178,"minecraft:target":1},"minecraft:used":{"minecraft:redstone_torch":3777,"minecraft:glass":2598,"minecraft:netherite_sword":13,"minecraft:lever":1139,"minecraft:dropper":76,"minecraft:green_wool":1346,"minecraft:blue_wool":101,"minecraft:redstone":12428,"minecraft:lime_wool":15,"minecraft:stone_button":118,"minecraft:oak_sign":82,"minecraft:sandstone":319,"minecraft:redstone_block":222,"minecraft:pink_wool":54,"minecraft:barrel":1,"minecraft:yellow_wool":62,"minecraft:white_wool":14411,"minecraft:repeater":3136,"minecraft:redstone_lamp":1523,"minecraft:target":453,"minecraft:comparator":346,"minecraft:hopper":151,"minecraft:light_blue_wool":1,"minecraft:orange_wool":22,"minecraft:smooth_stone_slab":374,"minecraft:cyan_wool":4},"minecraft:picked_up":{"minecraft:redstone_block":1,"minecraft:repeater":416,"minecraft:water_bucket":8,"minecraft:leather":2,"minecraft:lead":4,"minecraft:target":1,"minecraft:stone_button":22,"minecraft:redstone":6084,"minecraft:oak_sign":14,"minecraft:lever":336,"minecraft:comparator":81,"minecraft:redstone_torch":865,"minecraft:oak_sapling":3},"minecraft:custom":{"minecraft:time_since_rest":3686736,"minecraft:sprint_one_cm":186452,"minecraft:inspect_dropper":282,"minecraft:walk_one_cm":2345086,"minecraft:mob_kills":6,"minecraft:drop":69,"minecraft:inspect_hopper":369,"minecraft:damage_dealt":1492,"minecraft:fly_one_cm":27734137,"minecraft:open_barrel":1,"minecraft:crouch_one_cm":221746,"minecraft:play_time":3686736,"minecraft:sneak_time":261210,"minecraft:jump":13679,"minecraft:leave_game":47,"minecraft:time_since_death":3686736,"minecraft:total_world_time":4852089},"minecraft:killed":{"minecraft:trader_llama":4,"minecraft:wandering_trader":2}},"DataVersion":3465}